{"fibonacci": [1.0, 1.0, 2.0, 3.0, 5.0, 8.0, 13.0, 21.0, 34.0, 55.0, 89.0, 144.0, 233.0, 377.0, 610.0, 987.0, 1597.0, 2584.0, 4181.0, 6765.0, 10946.0, 17711.0, 28657.0, 46368.0, 75025.0, 121393.0, 196418.0, 317811.0, 514229.0, 832040.0, 1346269.0, 2178309.0, 3524578.0, 5702887.0, 9227465.0, 14930352.0, 24157817.0, 39088169.0, 63245986.0, 102334155.0, 165580141.0, 267914296.0, 433494437.0, 701408733.0, 1134903170.0, 1836311903.0, 2971215073.0, 4807526976.0, 7778742049.0, 12586269025.0, 20365011074.0, 32951280099.0, 53316291173.0, 86267571272.0, 139583862445.0, 225851433717.0, 365435296162.0, 591286729879.0, 956722026041.0, 1548008755920.0, 2504730781961.0, 4052739537881.0, 6557470319842.0, 10610209857723.0, 17167680177565.0, 27777890035288.0, 44945570212853.0, 72723460248141.0, 117669030460994.0, 190392490709135.0, 308061521170129.0, 498454011879264.0, 806515533049393.0, 1304969544928657.0, 2111485077978050.0, 3416454622906707.0, 5527939700884757.0, 8944394323791464.0, 1.447233402467622e+16, 2.3416728348467684e+16, 3.78890623731439e+16, 6.130579072161159e+16, 9.91948530947555e+16, 1.605006438163671e+17, 2.596954969111226e+17, 4.2019614072748966e+17, 6.798916376386122e+17, 1.1000877783661019e+18, 1.7799794160047142e+18, 2.880067194370816e+18, 4.66004661037553e+18, 7.540113804746346e+18, 1.2200160415121877e+19, 1.974027421986822e+19, 3.19404346349901e+19, 5.168070885485833e+19, 8.362114348984843e+19, 1.3530185234470674e+20, 2.1892299583455517e+20, 3.542248481792619e+20], "ratios": [2.0, 1.5, 1.6666666666666667, 1.6, 1.625, 1.6153846153846154, 1.619047619047619, 1.6176470588235294, 1.6181818181818182, 1.6179775280898876, 1.6180555555555556, 1.6180257510729614, 1.6180371352785146, 1.618032786885246, 1.618034447821682, 1.6180338134001253, 1.618034055727554, 1.6180339631667064, 1.6180339985218033, 1.618033985017358, 1.6180339901755971, 1.618033988205325, 1.618033988957902, 1.6180339886704431, 1.6180339887802426, 1.618033988738303, 1.6180339887543225, 1.6180339887482036, 1.6180339887505408, 1.6180339887496482, 1.618033988749989, 1.618033988749859, 1.6180339887499087, 1.6180339887498896, 1.618033988749897, 1.618033988749894, 1.6180339887498951, 1.6180339887498947, 1.618033988749895, 1.618033988749895, 1.618033988749895, 1.618033988749895, 1.618033988749895, 1.618033988749895, 1.618033988749895, 1.618033988749895, 1.618033988749895, 1.618033988749895, 1.618033988749895, 1.618033988749895, 1.618033988749895, 1.618033988749895, 1.618033988749895, 1.618033988749895, 1.618033988749895, 1.618033988749895, 1.618033988749895, 1.618033988749895, 1.618033988749895, 1.618033988749895, 1.618033988749895, 1.618033988749895, 1.618033988749895, 1.618033988749895, 1.618033988749895, 1.618033988749895, 1.618033988749895, 1.618033988749895, 1.618033988749895, 1.618033988749895, 1.618033988749895, 1.618033988749895, 1.618033988749895, 1.618033988749895, 1.618033988749895, 1.618033988749895, 1.618033988749895, 1.618033988749895, 1.618033988749895, 1.618033988749895, 1.618033988749895, 1.618033988749895, 1.618033988749895, 1.618033988749895, 1.618033988749895, 1.618033988749895, 1.618033988749895, 1.618033988749895, 1.618033988749895, 1.618033988749895, 1.618033988749895, 1.618033988749895, 1.618033988749895, 1.618033988749895, 1.618033988749895, 1.618033988749895, 1.618033988749895, 1.618033988749895], "convergence_to_phi": [0.3819660112501051, 0.1180339887498949, 0.04863267791677184, 0.018033988749894814, 0.0069660112501050975, 0.0026493733652794837, 0.0010136302977241662, 0.00038692992636546464, 0.00014782943192326314, 5.6460660007306984e-05, 2.15668056606777e-05, 8.237676933475768e-06, 3.1465286196574738e-06, 1.2018646489142526e-06, 4.590717870289751e-07, 1.7534976959332482e-07, 6.697765919660981e-08, 2.5583188456579364e-08, 9.771908393574336e-09, 3.732536946188247e-09, 1.4257022229458016e-09, 5.445699446937624e-10, 2.0800716704627575e-10, 7.945177848966978e-11, 3.034772433352373e-11, 1.159183860011126e-11, 4.427569422205124e-12, 1.6913137557139635e-12, 6.459277557269161e-13, 2.466915560717098e-13, 9.414691248821327e-14, 3.597122599785507e-14, 1.3766765505351941e-14, 5.329070518200751e-15, 1.9984014443252818e-15, 8.881784197001252e-16, 2.220446049250313e-16, 2.220446049250313e-16, 0.0, 0.0, 0.0, 0.0, 0.0, 0.0, 0.0, 0.0, 0.0, 0.0, 0.0, 0.0, 0.0, 0.0, 0.0, 0.0, 0.0, 0.0, 0.0, 0.0, 0.0, 0.0, 0.0, 0.0, 0.0, 0.0, 0.0, 0.0, 0.0, 0.0, 0.0, 0.0, 0.0, 0.0, 0.0, 0.0, 0.0, 0.0, 0.0, 0.0, 0.0, 0.0, 0.0, 0.0, 0.0, 0.0, 0.0, 0.0, 0.0, 0.0, 0.0, 0.0, 0.0, 0.0, 0.0, 0.0, 0.0, 0.0, 0.0, 0.0], "spiral_angles": [0.0, 3.8832220774509327, 7.7664441549018655, 11.649666232352798, 15.532888309803731, 19.416110387254665, 23.299332464705596, 27.18255454215653, 31.065776619607462, 34.94899869705839, 38.83222077450933, 42.715442851960255, 46.59866492941119, 50.48188700686213, 54.36510908431306, 58.248331161763986, 62.131553239214924, 66.01477531666586, 69.89799739411679, 73.78121947156772, 77.66444154901866, 81.5476636264696, 85.43088570392051, 89.31410778137145, 93.19732985882239, 97.08055193627332, 100.96377401372426, 104.84699609117519, 108.73021816862612, 112.61344024607706, 116.49666232352797, 120.37988440097891, 124.26310647842985, 128.14632855588079, 132.02955063333172, 135.91277271078263, 139.79599478823357, 143.6792168656845, 147.56243894313545, 151.44566102058639, 155.32888309803732, 159.21210517548823, 163.0953272529392, 166.9785493303901, 170.86177140784102, 174.74499348529199, 178.6282155627429, 182.51143764019386, 186.39465971764477, 190.2778817950957, 194.16110387254665, 198.04432594999759, 201.92754802744852, 205.81077010489943, 209.69399218235037, 213.5772142598013, 217.46043633725225, 221.34365841470316, 225.22688049215412, 229.11010256960503, 232.99332464705594, 236.8765467245069, 240.75976880195782, 244.64299087940879, 248.5262129568597, 252.40943503431063, 256.29265711176157, 260.1758791892125, 264.05910126666345, 267.94232334411436, 271.82554542156527, 275.70876749901623, 279.59198957646714, 283.4752116539181, 287.358433731369, 291.24165580882, 295.1248778862709, 299.00809996372186, 302.89132204117277, 306.77454411862374, 310.65776619607465, 314.54098827352556, 318.42421035097647, 322.30743242842743, 326.1906545058784, 330.0738765833293, 333.9570986607802, 337.8403207382311, 341.72354281568204, 345.60676489313306, 349.48998697058397, 353.3732090480349, 357.2564311254858, 361.1396532029367, 365.0228752803877, 368.90609735783863, 372.78931943528954, 376.67254151274045, 380.5557635901914, 384.4389856676424], "spiral_radii": [1.0, 1.0, 2.0, 3.0, 5.0, 8.0, 13.0, 21.0, 34.0, 55.0, 89.0, 144.0, 233.0, 377.0, 610.0, 987.0, 1597.0, 2584.0, 4181.0, 6765.0, 10946.0, 17711.0, 28657.0, 46368.0, 75025.0, 121393.0, 196418.0, 317811.0, 514229.0, 832040.0, 1346269.0, 2178309.0, 3524578.0, 5702887.0, 9227465.0, 14930352.0, 24157817.0, 39088169.0, 63245986.0, 102334155.0, 165580141.0, 267914296.0, 433494437.0, 701408733.0, 1134903170.0, 1836311903.0, 2971215073.0, 4807526976.0, 7778742049.0, 12586269025.0, 20365011074.0, 32951280099.0, 53316291173.0, 86267571272.0, 139583862445.0, 225851433717.0, 365435296162.0, 591286729879.0, 956722026041.0, 1548008755920.0, 2504730781961.0, 4052739537881.0, 6557470319842.0, 10610209857723.0, 17167680177565.0, 27777890035288.0, 44945570212853.0, 72723460248141.0, 117669030460994.0, 190392490709135.0, 308061521170129.0, 498454011879264.0, 806515533049393.0, 1304969544928657.0, 2111485077978050.0, 3416454622906707.0, 5527939700884757.0, 8944394323791464.0, 1.447233402467622e+16, 2.3416728348467684e+16, 3.78890623731439e+16, 6.130579072161159e+16, 9.91948530947555e+16, 1.605006438163671e+17, 2.596954969111226e+17, 4.2019614072748966e+17, 6.798916376386122e+17, 1.1000877783661019e+18, 1.7799794160047142e+18, 2.880067194370816e+18, 4.66004661037553e+18, 7.540113804746346e+18, 1.2200160415121877e+19, 1.974027421986822e+19, 3.19404346349901e+19, 5.168070885485833e+19, 8.362114348984843e+19, 1.3530185234470674e+20, 2.1892299583455517e+20, 3.542248481792619e+20]}